case_id,doc_names
Case14017,BCBS_FEP_204102 Whole Exome and.pdf|BCBS_FEP_204109 Genetic Testing for Epilepsy.pdf|BCBS_FEP_20459 Genetic Testing for Developmental.pdf
Case4604,BCBS_FEP_204102 Whole Exome and.pdf|CapitalBC_whole-exome-and-whole-genome-sequencing-for-diagnosis-of-genetic-disorders.pdf|BCBS_HW_GTM Whole Genome and Whole Exome Sequencing AHS-M2032 2025-0201.pdf
Case18821,BCBS_NE_V36.pdf|BCBS_FEP_204102 Whole Exome and.pdf|CapitalBC_whole-exome-and-whole-genome-sequencing-for-diagnosis-of-genetic-disorders.pdf
Case13,BCBS_FEP_204102 Whole Exome and.pdf|CapitalBC_whole-exome-and-whole-genome-sequencing-for-diagnosis-of-genetic-disorders.pdf|BCBS_HW_GTM Whole Genome and Whole Exome Sequencing AHS-M2032 2025-0201.pdf
Case8051,BCBS_FEP_204102 Whole Exome and.pdf|BCBS_HW_GTM Whole Genome and Whole Exome Sequencing AHS-M2032 2025-0201.pdf|CapitalBC_whole-exome-and-whole-genome-sequencing-for-diagnosis-of-genetic-disorders.pdf
Case8485,Cigna_MOL.TS_.235.C_Whole_Exome_Sequencing_Cigna_eff01.01.2025_pub09.20.2024.pdf|CapitalBC_whole-exome-and-whole-genome-sequencing-for-diagnosis-of-genetic-disorders.pdf|BCBS_FEP_204102 Whole Exome and.pdf
Case5674,BCBS_FEP_204102 Whole Exome and.pdf|BCBS_FEP_204109 Genetic Testing for Epilepsy.pdf|BCBS_FEP_20459 Genetic Testing for Developmental.pdf
Case3494,Cigna_MOL.TS_.235.C_Whole_Exome_Sequencing_Cigna_eff01.01.2025_pub09.20.2024.pdf|Cigna_MOL.TS_.306.C_Whole_Genome_Sequencing_Cigna_eff01.01.2025_pub09.10.2024.pdf|BCBS_FEP_204102 Whole Exome and.pdf
Case4196,BCBS_FEP_204102 Whole Exome and.pdf|Blue Cross Idaho_02.04.102_03-27-25.pdf|CapitalBC_whole-exome-and-whole-genome-sequencing-for-diagnosis-of-genetic-disorders.pdf
Case14141,BCBS_FEP_204102 Whole Exome and.pdf|CapitalBC_whole-exome-and-whole-genome-sequencing-for-diagnosis-of-genetic-disorders.pdf|BCBS_HW_GTM Whole Genome and Whole Exome Sequencing AHS-M2032 2025-0201.pdf
Case2847,BCBS_FEP_204102 Whole Exome and.pdf|BCBS_HW_GTM Whole Genome and Whole Exome Sequencing AHS-M2032 2025-0201.pdf|CapitalBC_whole-exome-and-whole-genome-sequencing-for-diagnosis-of-genetic-disorders.pdf
Case811,BCBS_FEP_204102 Whole Exome and.pdf|BCBS_HW_GTM Whole Genome and Whole Exome Sequencing AHS-M2032 2025-0201.pdf|CapitalBC_whole-exome-and-whole-genome-sequencing-for-diagnosis-of-genetic-disorders.pdf
Case9408,BCBS_FEP_204102 Whole Exome and.pdf|BCBS_FEP_204109 Genetic Testing for Epilepsy.pdf|BCBS_FEP_20459 Genetic Testing for Developmental.pdf
Case4262,BCBS_FEP_204102 Whole Exome and.pdf|CapitalBC_whole-exome-and-whole-genome-sequencing-for-diagnosis-of-genetic-disorders.pdf|Medica_Genetic-Testing-for-Exome-and-Genome-Sequencing-for-the-Diagnosis-of-Genetic-Disorders.pdf
Case11795,BCBS_FEP_204102 Whole Exome and.pdf|CapitalBC_whole-exome-and-whole-genome-sequencing-for-diagnosis-of-genetic-disorders.pdf|BCBS_FEP_204114 Genetic Testing for Idiopathic.pdf
Case9349,BCBS_FEP_204102 Whole Exome and.pdf|BCBS_FEP_204114 Genetic Testing for Idiopathic.pdf|BCBS_FEP_204129 Genetic Testing for Marfan.pdf
Case13983,BCBS_FEP_204102 Whole Exome and.pdf|CapitalBC_whole-exome-and-whole-genome-sequencing-for-diagnosis-of-genetic-disorders.pdf|V2.2023 Concert Genetic Testing- Exome & Genome Sequencing for Dx of Genetic Disorders.pdf
Case6747,BCBS_FEP_204102 Whole Exome and.pdf|CapitalBC_whole-exome-and-whole-genome-sequencing-for-diagnosis-of-genetic-disorders.pdf|BCBS_HW_GTM General Genetic Testing - Germline Disorders AHS-M2145 2025-0201.pdf
Case2162,BCBS_FEP_204102 Whole Exome and.pdf|BCBS_HW_GTM Whole Genome and Whole Exome Sequencing AHS-M2032 2025-0201.pdf|CapitalBC_whole-exome-and-whole-genome-sequencing-for-diagnosis-of-genetic-disorders.pdf
Case7447,BCBS_FEP_204102 Whole Exome and.pdf|CapitalBC_whole-exome-and-whole-genome-sequencing-for-diagnosis-of-genetic-disorders.pdf|V2.2023 Concert Genetic Testing- Exome & Genome Sequencing for Dx of Genetic Disorders.pdf
Case19162,BCBS_FEP_204102 Whole Exome and.pdf|CapitalBC_whole-exome-and-whole-genome-sequencing-for-diagnosis-of-genetic-disorders.pdf|Cigna_MOL.TS_.306.C_Whole_Genome_Sequencing_Cigna_eff01.01.2025_pub09.10.2024.pdf
Case14155,Cigna_MOL.TS_.306.C_Whole_Genome_Sequencing_Cigna_eff01.01.2025_pub09.10.2024.pdf|CapitalBC_whole-exome-and-whole-genome-sequencing-for-diagnosis-of-genetic-disorders.pdf|South Carolina Medicaid_Genetic testing.pdf
Case3223,BCBS_FEP_20402 Germline Genetic Testing for.pdf|BCBS_FEP_204126 Germline Genetic Testing for Gene.pdf|CapitalBC_BRCA.pdf
Case14195,BCBS_FEP_20402 Germline Genetic Testing for.pdf|BCBS_HW_GTM Genetic Testing for Breast, Ovarian, Pancreatic, and Prostate Cancers AHS–M2003 2025-0201.pdf|Blue Cross Idaho_02.04.002_08-29-24.pdf
Case22,BCBS_FEP_20402 Germline Genetic Testing for.pdf|BCBS_HW_GTM Genetic Testing for Breast, Ovarian, Pancreatic, and Prostate Cancers AHS–M2003 2025-0201.pdf|Blue Cross Idaho_02.04.002_08-29-24.pdf
Case15458,BCBS_FEP_20402 Germline Genetic Testing for.pdf|BCBS_FEP_204126 Germline Genetic Testing for Gene.pdf|BCBS_HW_GTM Genetic Testing for Breast, Ovarian, Pancreatic, and Prostate Cancers AHS–M2003 2025-0201.pdf
Case6867,BCBS_FEP_20402 Germline Genetic Testing for.pdf|BCBS_FEP_204126 Germline Genetic Testing for Gene.pdf|Blue Cross Idaho_02.04.002_08-29-24.pdf
Case16126,BCBS_FEP_20402 Germline Genetic Testing for.pdf|BCBS_HW_GTM Genetic Testing for Breast, Ovarian, Pancreatic, and Prostate Cancers AHS–M2003 2025-0201.pdf|CapitalBC_BRCA.pdf
Case14408,Cigna_MOL.TS_.238.A_BRCA_Analysis_eff01.01.2025_pub09.10.2024_1.pdf|BCBS_FEP_20402 Germline Genetic Testing for.pdf|Blue Cross Idaho_02.04.002_08-29-24.pdf
Case2007,BCBS_FEP_20402 Germline Genetic Testing for.pdf|BCBS_FEP_204126 Germline Genetic Testing for Gene.pdf|Blue Cross Idaho_02.04.002_08-29-24.pdf
Case15570,BCBS_FEP_20402 Germline Genetic Testing for.pdf|BCBS_HW_GTM Genetic Testing for Breast, Ovarian, Pancreatic, and Prostate Cancers AHS–M2003 2025-0201.pdf|BCBS_MN_VI-16-014.pdf
Case3581,Cigna_MOL.TS_.238.A_BRCA_Analysis_eff01.01.2025_pub09.10.2024_1.pdf|BCBS_FEP_20402 Germline Genetic Testing for.pdf|CapitalBC_BRCA.pdf
Case15202,BCBS_FEP_20402 Germline Genetic Testing for.pdf|BCBS_FEP_204126 Germline Genetic Testing for Gene.pdf|BCBS_HW_GTM Genetic Testing for Breast, Ovarian, Pancreatic, and Prostate Cancers AHS–M2003 2025-0201.pdf
Case12792,BCBS_FEP_20402 Germline Genetic Testing for.pdf|BCBS_HW_GTM Genetic Testing for Breast, Ovarian, Pancreatic, and Prostate Cancers AHS–M2003 2025-0201.pdf|BCBS_MN_VI-16-014.pdf
Case14226,Cigna_MOL.TS_.238.A_BRCA_Analysis_eff01.01.2025_pub09.10.2024_1.pdf|CapitalBC_BRCA.pdf|Blue Cross Idaho_02.04.002_08-29-24.pdf
Case2666,BCBS_FEP_20402 Germline Genetic Testing for.pdf|Blue Cross Idaho_02.04.002_08-29-24.pdf|BCBS_Kansas_germline-genetic-testing-hereditary-breastovarian-cancer-syndrome-and-other-high.pdf
Case17595,BCBS_FEP_20459 Genetic Testing for Developmental.pdf|BCBS_HW_GTM Testing for Autism Spectrum Disorder and Developmental Delay AHS-M2176 2023-0601_v2.pdf|Cigna_MOL.TS_.269.A_Autism_eff01.01.2025_pub09.12.2024_0.pdf
Case5834,BCBS_FEP_20459 Genetic Testing for Developmental.pdf|BCBS_NE_V63.pdf|BCBS_NE_V67.pdf
Case17196,BCBS_FEP_20459 Genetic Testing for Developmental.pdf|BCBS_HW_GTM General Genetic Testing - Germline Disorders AHS-M2145 2025-0201.pdf|Highmark_Delaware.pdf
Case10075,BCBS_FEP_20459 Genetic Testing for Developmental.pdf|Cigna_MOL.TS_.150A_CMA_for_Developmental_Disorders_and_Prenatal_Diagnosis_eff01.01.2025_pub09.10.2024_1.pdf|Cigna_MOL.TS_.269.A_Autism_eff01.01.2025_pub09.12.2024_0.pdf
Case9773,BCBS_FEP_20459 Genetic Testing for Developmental.pdf|BCBS_NE_V67.pdf|BCBS_MN_VI-09-015.pdf
